pets_allowed,reg_mean,reg_min,reg_max,reg_median
NO,2017.0953177257525,2017,2019,2017
YES,2017.1248185776487,2017,2020,2017
NA,2018,2017,2019,2018
